mysql> select sum(extra_runs) from deliveries2 where match_id in (select id from matches where winner= 'Kings XI Punjab' and season = 2016);
+-----------------+
| sum(extra_runs) |
+-----------------+
|              57 |
+-----------------+
1 row in set (0.22 sec)

mysql>
mysql> select sum(extra_runs) from deliveries2 where match_id in (select id from matches where winner= 'Kolkata Knight Riders' and season = 2016);
+-----------------+
| sum(extra_runs) |
+-----------------+
|             138 |
+-----------------+
1 row in set (0.22 sec)

mysql>
